<OPEN>;<HIGH>;<LOW>;<CLOSE>
71.9700000;73.8700000;71.7600000;73.7000000
73.8100000;74.6000000;72.9000000;74.2000000
75.0100000;76.6000000;74.6000000;75.9500000
75.7200000;76.7500000;75.2600000;75.9100000
76.3400000;77.4500000;76.1000000;76.2000000
76.0400000;76.9800000;74.8400000;75.5500000
75.3500000;75.7200000;72.3100000;72.3100000
72.9000000;74.1600000;71.8600000;72.7000000
73.0300000;74.1100000;72.5800000;73.2500000
72.4900000;72.7100000;69.0900000;69.8000000
69.8100000;71.3100000;68.7800000;70.6800000
71.1300000;71.5900000;70.0200000;70.7900000
71.0000000;71.3000000;67.8100000;67.8700000
67.5200000;67.8000000;65.2300000;65.5700000
66.0600000;66.4500000;63.8600000;64.6500000
64.9100000;66.0500000;64.7300000;65.2600000
66.4600000;66.8800000;64.4500000;64.9000000
64.9500000;67.2200000;64.4000000;67.0000000
67.5300000;67.5500000;64.8300000;65.0000000
65.0000000;66.3600000;63.7400000;65.6000000
65.7500000;66.1500000;64.3100000;64.8000000
65.4200000;65.8000000;62.6200000;62.8500000
63.0300000;63.5500000;60.5700000;61.0000000
60.8700000;63.1700000;60.6700000;63.0100000
63.0000000;63.4000000;61.9200000;62.8800000
62.4400000;64.6900000;62.1800000;64.5000000
64.6000000;66.1700000;64.0300000;65.9200000
65.9000000;66.4000000;65.1600000;65.5000000
65.6500000;68.9900000;65.5700000;68.9900000
68.8300000;70.2700000;68.1500000;69.6000000
69.4400000;69.9300000;68.6100000;69.4000000
69.0500000;72.0000000;68.9600000;72.0000000
72.1600000;72.4500000;70.2300000;71.5000000
71.8500000;74.5500000;71.4300000;74.1000000
74.1100000;74.8200000;72.8900000;74.0500000
74.1500000;76.4900000;73.9100000;76.4900000
76.9500000;77.5100000;74.8500000;76.5000000
76.6300000;76.9600000;72.5000000;72.5000000
72.5000000;74.0700000;71.2200000;73.5000000
73.6200000;75.6700000;73.2600000;75.2400000
75.1900000;75.3300000;72.6300000;73.9000000
73.9800000;76.5700000;72.1100000;75.8000000
75.7500000;77.7000000;74.8900000;75.7500000
76.0000000;76.8600000;74.5800000;75.2000000
74.7900000;75.7500000;73.9000000;75.7000000
75.6200000;76.2700000;74.6800000;75.2000000
75.2000000;76.9600000;74.9700000;76.9000000
77.2100000;80.6000000;76.8000000;80.2100000
80.3700000;80.9800000;78.6400000;79.2000000
78.8700000;78.8900000;75.9700000;76.5000000
76.3000000;76.6700000;75.0700000;75.5000000
75.4300000;76.7000000;74.3300000;75.1900000
75.4200000;76.0700000;74.7000000;75.2400000
75.0700000;75.3500000;73.6000000;74.3100000
74.5200000;75.1800000;73.7400000;75.0500000
75.4500000;76.0500000;75.0900000;75.3600000
75.3300000;75.3400000;73.0300000;73.3500000
73.2700000;73.5800000;71.4100000;71.6000000
71.7300000;73.5900000;71.1500000;73.2500000
73.3300000;74.6700000;73.0600000;74.3500000
74.3900000;74.7400000;72.9100000;74.4600000
74.6700000;75.1600000;73.9000000;74.6700000
74.4500000;74.5000000;72.4100000;74.2300000
74.0800000;74.9700000;73.3200000;73.6000000
73.7000000;76.1300000;73.5000000;73.5000000
73.6900000;74.4900000;72.6500000;72.6500000
72.8900000;74.2500000;72.2500000;73.9200000
74.1800000;74.3500000;71.6000000;71.7200000
71.6900000;72.2000000;70.5500000;71.2500000
71.1700000;71.7500000;70.2000000;70.6100000
70.8100000;71.0500000;69.1500000;69.1700000
69.2500000;70.3500000;68.4100000;70.2100000
70.5200000;72.0700000;70.3000000;71.5100000
71.1400000;72.5500000;70.2300000;72.5500000
72.0200000;72.2700000;70.6000000;71.8000000
71.6000000;73.8000000;70.9600000;73.5000000
73.4700000;74.4100000;72.7800000;72.8100000
73.1500000;74.3700000;72.6000000;72.9800000
73.1700000;73.3800000;71.5600000;71.5600000
72.0500000;72.4600000;71.5000000;72.0000000
72.2100000;72.3700000;71.5000000;72.0100000
72.1400000;72.5000000;71.3500000;71.9800000
71.9100000;72.2400000;71.4200000;71.4200000
71.3900000;71.4700000;70.4000000;70.6000000
69.1800000;70.9700000;69.0300000;70.2000000
70.2100000;72.5000000;70.0500000;72.3500000
72.2900000;72.9700000;70.7100000;71.0000000
71.0000000;71.3000000;70.1700000;70.5400000
70.5400000;71.1500000;69.9000000;70.6700000
69.9300000;70.5900000;68.0800000;68.4500000
68.4500000;69.6800000;68.1200000;68.7700000
68.5200000;68.9400000;66.5000000;67.7300000
68.1500000;69.3800000;67.7000000;69.3500000
69.6000000;71.2000000;69.5700000;71.0600000
70.7800000;72.9400000;70.7700000;72.9400000
72.8000000;73.9000000;72.3100000;73.9000000
73.7900000;74.0000000;72.9600000;74.0000000
73.9900000;74.3900000;73.5300000;74.2100000
74.1800000;75.7300000;73.5700000;75.5200000
75.4000000;75.7000000;73.8700000;74.1000000
73.9900000;75.8600000;73.4100000;75.5500000
75.2600000;75.9700000;74.5000000;74.6000000
74.6500000;74.6900000;72.5100000;72.7000000
72.5000000;72.5700000;70.2500000;70.4500000
70.4000000;70.4500000;67.3500000;68.4800000
68.2000000;70.7300000;67.4000000;69.5500000
69.8700000;71.4900000;69.6600000;71.2000000
71.3700000;72.7900000;70.9100000;72.2000000
71.9600000;72.5500000;70.2100000;72.3000000
71.5100000;71.7500000;70.4300000;71.1000000
70.8000000;72.4300000;70.5100000;72.3000000
72.6000000;74.1400000;72.3300000;73.4900000
73.2100000;73.9000000;72.1100000;72.2500000
72.7200000;74.4000000;72.5700000;74.2000000
74.2000000;75.1700000;73.5000000;75.1600000
75.1500000;75.6700000;73.2000000;73.2000000
72.9800000;74.2000000;72.5200000;73.4000000
73.8100000;74.4400000;73.1200000;73.7000000
73.6500000;74.8600000;73.2700000;74.4300000
73.9900000;74.1900000;72.8100000;73.0000000
72.7200000;73.4200000;72.0400000;72.4500000
72.3100000;73.2600000;71.2700000;71.5000000
71.0800000;72.5700000;70.8800000;72.0500000
71.0800000;71.5700000;69.8600000;69.8600000
68.0500000;69.2300000;66.7500000;68.5300000
68.6100000;71.0000000;68.6000000;70.7900000
70.6400000;71.2800000;69.5100000;71.0000000
71.9000000;73.9000000;71.8000000;73.8000000
74.4600000;75.0600000;72.9000000;74.8200000
74.3200000;74.5300000;73.0800000;74.5000000
74.3800000;74.9200000;72.7200000;73.1400000
72.9600000;74.1800000;72.2200000;72.9000000
73.5000000;74.5000000;73.2200000;74.1500000
73.7200000;74.2800000;73.5000000;73.9600000
73.6900000;73.9000000;73.3600000;73.8100000
74.1000000;75.4000000;74.0400000;74.9000000
75.6000000;75.7500000;74.4600000;74.6500000
74.0400000;74.8200000;73.6100000;74.3000000
74.2800000;74.4200000;73.6900000;74.1000000
73.8900000;75.2300000;73.8700000;74.8800000
74.9300000;74.9700000;74.2800000;74.8500000
75.1200000;77.7100000;75.0900000;77.7100000
77.5700000;77.9800000;76.2500000;76.4900000
76.7100000;77.1900000;75.3100000;75.5000000
75.6000000;76.9800000;75.4700000;75.9400000
76.0700000;76.1300000;73.9100000;74.3900000
74.4000000;74.9700000;73.4500000;73.7400000
73.9400000;74.3000000;72.6700000;73.3300000
73.7900000;74.9700000;73.6700000;74.9700000
74.9700000;75.6700000;74.2500000;74.5700000
74.1800000;75.6000000;73.5800000;75.5000000
75.6600000;76.7600000;75.2000000;75.3000000
76.0000000;76.4900000;74.1200000;74.5100000
74.6000000;75.0000000;72.9500000;73.8000000
74.5500000;76.3000000;74.2900000;76.2000000
76.2500000;77.3400000;75.7000000;77.3100000
78.3100000;79.7000000;76.6900000;79.6500000
79.1600000;83.2900000;78.3700000;83.1100000
83.8700000;86.2000000;83.2600000;85.7700000
85.8100000;86.6000000;83.8600000;85.4500000
84.8300000;85.6500000;84.2600000;85.0000000
84.5000000;87.1000000;84.0200000;86.8100000
86.9900000;89.1200000;86.9300000;87.7000000
88.5600000;90.0700000;88.3000000;88.5200000
88.4800000;88.8600000;85.9200000;87.0700000
86.9700000;89.3400000;86.1400000;88.1400000
87.9900000;88.3500000;86.0000000;86.9500000
86.6700000;87.6000000;86.0300000;86.5300000
87.2300000;90.4500000;86.9700000;90.4500000
90.8700000;92.7000000;89.7200000;92.3000000
91.9000000;91.9200000;88.7300000;89.0000000
89.0500000;90.4900000;87.3300000;90.0500000
89.7300000;91.0000000;88.3100000;88.6000000
88.7500000;90.8000000;88.1200000;90.5300000
90.2500000;93.8000000;89.6600000;93.6500000
93.8600000;95.5900000;93.3200000;95.4000000
96.0000000;96.6000000;94.6000000;95.5000000
95.5000000;95.9100000;93.5700000;94.0900000
94.4900000;94.7900000;92.7000000;92.9500000
92.7600000;94.4200000;92.0200000;94.3500000
94.2000000;94.8600000;92.6500000;94.0000000
93.4300000;94.7700000;92.6900000;94.2900000
93.4200000;94.3900000;92.9600000;93.4000000
93.0900000;96.1400000;93.0100000;95.8000000
96.5200000;102.6700000;96.5200000;102.5000000
102.7800000;104.5900000;101.7400000;104.0000000
104.6300000;108.5500000;102.5400000;104.8600000
104.3400000;107.3000000;103.1900000;107.3000000
106.8500000;110.3200000;105.2200000;109.9800000
109.8300000;110.7000000;105.1500000;105.6000000
106.2100000;108.9400000;105.4400000;108.5100000
108.7800000;109.3000000;105.6000000;106.4800000
105.7400000;106.0600000;103.7000000;104.5500000
103.9000000;105.9000000;102.7500000;102.9000000
103.5100000;103.9000000;100.6000000;101.3000000
101.4900000;103.4900000;101.1500000;102.5000000
101.9100000;105.0200000;101.5000000;104.0000000
103.7000000;105.6700000;102.2500000;103.0500000
103.4500000;104.9000000;102.7800000;103.0000000
102.8100000;103.0800000;96.9500000;97.0000000
97.4800000;101.0500000;97.2400000;100.6600000
100.2500000;101.7500000;99.6700000;100.1300000
99.8800000;100.5900000;97.7600000;98.1500000
97.6000000;98.3700000;96.2300000;97.7000000
98.3600000;100.7900000;98.2400000;100.0000000
100.2600000;102.5000000;100.0700000;102.4500000
102.8500000;105.1800000;102.5500000;103.7500000
103.0500000;103.1800000;98.8000000;98.8100000
98.9400000;100.8000000;97.6500000;98.7300000
99.5000000;100.4000000;99.1000000;99.8000000
100.1500000;102.9600000;100.1300000;102.9600000
103.7000000;103.8900000;100.4000000;101.3500000
101.8300000;102.3200000;100.7800000;101.3400000
101.2500000;101.5400000;99.4600000;100.2000000
100.4200000;102.5000000;99.7400000;101.8200000
101.6700000;101.8500000;100.4700000;101.2600000
101.0000000;101.7800000;97.9400000;98.0100000
97.9400000;99.2400000;97.1600000;98.8900000
98.7200000;99.5600000;96.8300000;96.8500000
93.7000000;94.8900000;91.0100000;91.0300000
89.5000000;92.8800000;88.5200000;91.7100000
92.7000000;93.8800000;91.2500000;91.5000000
90.9800000;93.1500000;90.3700000;93.0400000
92.4300000;92.9500000;86.8500000;87.2700000
86.3000000;88.2800000;85.1000000;86.1500000
87.3200000;89.7000000;85.7600000;86.6800000
84.9000000;85.1900000;82.2000000;83.8300000
84.2400000;87.1500000;83.2700000;86.0000000
88.9700000;92.2800000;87.6200000;91.5000000
92.5500000;93.3500000;90.0000000;91.0000000
89.1100000;91.7600000;88.7400000;91.5000000
91.9800000;96.2600000;91.4700000;95.7500000
95.7800000;97.2800000;94.3300000;96.6900000
97.4800000;98.7000000;95.1200000;96.5000000
96.3500000;97.4900000;95.2900000;96.5000000
95.6700000;97.0700000;93.7500000;94.4000000
93.9100000;96.8900000;93.7100000;94.5300000
98.4800000;98.4900000;96.7100000;97.5700000
97.0100000;97.9800000;96.3500000;97.2000000
97.0500000;97.8600000;93.8500000;94.7000000
93.9800000;95.6300000;92.7000000;93.8900000
93.5000000;96.7700000;93.1600000;96.3500000
95.7100000;96.1000000;93.0500000;94.2000000
95.1400000;95.6700000;94.1800000;94.8500000
96.0100000;96.3700000;94.9300000;95.2500000
95.9500000;97.2800000;95.7000000;96.5100000
96.5100000;99.3800000;96.0500000;99.2000000
99.8800000;102.8000000;99.7500000;102.7000000
101.9800000;103.5700000;101.0000000;101.5000000
101.6400000;102.6000000;101.5000000;102.3500000
102.5800000;104.3900000;102.3900000;103.2000000
101.9900000;102.7000000;100.7900000;102.1000000
102.6500000;104.3500000;101.5100000;104.0500000
105.0100000;107.1500000;104.8300000;106.2400000
105.5700000;107.3800000;104.8100000;107.0000000
107.5000000;108.7900000;106.4200000;108.2600000
109.0100000;109.2000000;106.1000000;106.1200000
106.7000000;107.6300000;105.4000000;106.9900000
107.5700000;109.0200000;106.7000000;108.9900000
109.6300000;110.2000000;108.5700000;109.4700000
108.9800000;109.0700000;107.5000000;108.1500000
108.2800000;109.9000000;107.6700000;108.8400000
109.2000000;109.9500000;108.5500000;109.2600000
109.2900000;109.5600000;108.4000000;109.2600000
109.5800000;110.2900000;106.0900000;106.4600000
107.2000000;107.2700000;106.1200000;107.0000000
107.7000000;109.4900000;107.7000000;109.4700000
109.5900000;112.5000000;108.9100000;112.4000000
111.5000000;112.9200000;110.5000000;112.0700000
112.2800000;114.1900000;111.0000000;111.4900000
111.2700000;112.1000000;108.7000000;109.1000000
108.5800000;109.2900000;107.0500000;108.0600000
108.6300000;109.5000000;108.6300000;109.1000000
109.9900000;110.1100000;107.6900000;108.1200000
107.9100000;108.4400000;105.3500000;107.0500000
107.9600000;109.9100000;107.5200000;109.1500000
108.7200000;110.5900000;107.3200000;109.9000000
109.3200000;109.4000000;107.0100000;108.5200000
108.2200000;109.6900000;107.1000000;108.2000000
107.2300000;107.6400000;106.0000000;106.8700000
107.6400000;108.3000000;107.0500000;108.0000000
108.9800000;109.3800000;107.6200000;108.5100000
108.8600000;113.3000000;108.5600000;112.9200000
112.9600000;117.8500000;112.6200000;117.3500000
117.2700000;119.3900000;115.8200000;117.9500000
118.1000000;119.9500000;117.3500000;119.5000000
119.0400000;119.5500000;117.8900000;119.3000000
118.9900000;119.9100000;118.1100000;119.3000000
117.1200000;118.2000000;116.0100000;118.2000000
118.8300000;123.3500000;118.7800000;121.5000000
120.6900000;123.9700000;119.9000000;123.7500000
124.9900000;125.5500000;118.2000000;119.1700000
119.6400000;121.3900000;117.9000000;121.2500000
121.0000000;121.5100000;119.6000000;120.0800000
119.9700000;119.9700000;116.7500000;119.7000000
120.2400000;122.3700000;119.5700000;120.8000000
121.3200000;124.3900000;120.0000000;124.3900000
124.4400000;125.7800000;122.0000000;123.5500000
121.5000000;122.3900000;119.3100000;120.9600000
121.2800000;122.3000000;120.4000000;120.9200000
120.3100000;120.8600000;118.4100000;120.6400000
119.8000000;121.3500000;118.5700000;119.5500000
120.0600000;123.6200000;119.5700000;123.4500000
123.4500000;124.3800000;121.0100000;121.2000000
121.4000000;121.9500000;119.6900000;121.0700000
122.1000000;123.6200000;121.6300000;122.6000000
122.8800000;123.2700000;120.6000000;122.7100000
122.4900000;123.5400000;121.8300000;123.1200000
121.9900000;122.1700000;120.3000000;120.5000000
121.7900000;122.4700000;120.8000000;121.9000000
121.3000000;122.2000000;120.1200000;121.5100000
121.4200000;124.0700000;121.3500000;123.5000000
124.4500000;128.5500000;124.4100000;127.8700000
128.5500000;133.0500000;126.9000000;132.1600000
131.6200000;134.7900000;131.3500000;133.2000000
133.5500000;135.0800000;132.5500000;134.4500000
134.7900000;135.9800000;132.5600000;132.5600000
132.3600000;133.2100000;131.3100000;131.3600000
131.6000000;133.0800000;130.5100000;132.3000000
133.0800000;134.4400000;131.0400000;131.5900000
132.1000000;134.7400000;132.0000000;133.9900000
134.5100000;139.9700000;134.0200000;139.9700000
141.1200000;142.0000000;137.4400000;139.3900000
139.8900000;140.7100000;137.0700000;139.6100000
137.7800000;137.9400000;133.3500000;133.5000000
131.2100000;132.3700000;126.1500000;127.0800000
126.9000000;130.2300000;126.6100000;129.8900000
129.0000000;129.2400000;125.8500000;127.1000000
128.6000000;130.7500000;128.4900000;128.7000000
132.4500000;133.4800000;131.2000000;132.1300000
132.1000000;133.4300000;129.9400000;133.3900000
134.6400000;135.7900000;133.5100000;134.8100000
134.4200000;138.2800000;133.8900000;138.0000000
131.5000000;133.5000000;129.1200000;133.4000000
133.9000000;134.8300000;125.3500000;126.2000000
127.8500000;129.7100000;125.7000000;129.5700000
130.6400000;133.9500000;129.8200000;133.8800000
133.6500000;135.3400000;131.1400000;133.0000000
133.3300000;134.3400000;131.5500000;133.8500000
134.6500000;135.8400000;133.8000000;134.6000000
133.9000000;133.9000000;131.7300000;131.8500000
131.5100000;132.0400000;127.8500000;129.3600000
130.5000000;133.5000000;130.0200000;131.8000000
130.6300000;134.4900000;130.3500000;134.4100000
134.8000000;137.7700000;134.5200000;137.2000000
137.5500000;140.4700000;136.9000000;140.4000000
140.2900000;141.3500000;137.8800000;139.4000000
140.0100000;140.6500000;137.5700000;140.0000000
139.3800000;139.7400000;137.2500000;138.1200000
138.3800000;139.9300000;137.9000000;139.9300000
139.7500000;141.1000000;138.4200000;139.4700000
139.5500000;140.0000000;137.4100000;138.5700000
139.3400000;139.8500000;137.8000000;138.5000000
137.8600000;138.8700000;137.5700000;137.8000000
138.2500000;138.6600000;135.5000000;136.0000000
136.2000000;136.7000000;133.3300000;135.7500000
136.1000000;137.6000000;135.2000000;136.9000000
137.0500000;137.3400000;134.8200000;136.8500000
136.6000000;139.8100000;135.9300000;139.1500000
140.0000000;141.2100000;137.5900000;138.5200000
138.4500000;138.6000000;135.0000000;135.0600000
134.7300000;136.2000000;134.2700000;135.7300000
136.4700000;137.6000000;136.0200000;137.1400000
137.4900000;138.8900000;137.3100000;138.6900000
139.0200000;140.1000000;138.0000000;139.4500000
139.2000000;140.2500000;137.8500000;139.2000000
139.2000000;139.8000000;138.1400000;138.3000000
138.1600000;139.7400000;137.6800000;139.7000000
140.2000000;141.3900000;139.1000000;139.4500000
140.2500000;140.4900000;138.8600000;139.5000000
139.5100000;141.0800000;138.0300000;138.1000000
138.2100000;138.8000000;137.1700000;138.4400000
138.7200000;140.1400000;136.2000000;137.0000000
137.7000000;137.7000000;135.5200000;135.8000000
135.2000000;137.4700000;134.6000000;137.3700000
136.9500000;140.4800000;136.9000000;140.3500000
139.7000000;140.5000000;138.5200000;139.5000000
139.9900000;142.9000000;139.6700000;142.8400000
143.2400000;145.6000000;143.2000000;145.2500000
144.4500000;144.4700000;142.5100000;143.5500000
143.5800000;145.3000000;143.1800000;143.1800000
143.1800000;144.0500000;142.5500000;143.5000000
143.8800000;144.7800000;143.6000000;144.2500000
144.4500000;147.0900000;143.8200000;146.8800000
147.5100000;149.6000000;147.0900000;149.5000000
149.7100000;150.8100000;149.0600000;150.6400000
150.9500000;155.0300000;150.9200000;154.3300000
155.2500000;156.2500000;152.6700000;153.4500000
152.8000000;152.8400000;151.2200000;151.6000000
149.7300000;151.6900000;148.6500000;151.4300000
151.5000000;152.1000000;149.2500000;149.8000000
149.9000000;151.5500000;149.3500000;150.8600000
150.5400000;150.7800000;148.0600000;149.1400000
149.3100000;149.6800000;147.0000000;147.0000000
148.7900000;149.9100000;148.0700000;148.6600000
148.1200000;149.4000000;147.0400000;149.3000000
149.8500000;151.5400000;149.7200000;150.6700000
152.5100000;154.5000000;151.6200000;154.1800000
153.7600000;153.7600000;150.1300000;151.5000000
149.9000000;152.4500000;148.7000000;149.1000000
149.5900000;149.6900000;147.2800000;147.5300000
148.1200000;149.3400000;146.7100000;147.1800000
150.2000000;150.8800000;148.0500000;148.4700000
146.9900000;147.0000000;144.6000000;145.3400000
146.0000000;148.8700000;145.7500000;148.8700000
148.9300000;149.1200000;146.2100000;148.1000000
148.1400000;148.4000000;146.3000000;147.9500000
148.0400000;149.6900000;147.5500000;148.9000000
149.5800000;150.5000000;147.8900000;148.7400000
149.3000000;151.3000000;148.3600000;151.2700000
150.9000000;152.4400000;150.5100000;151.3000000
151.2000000;151.5900000;148.8100000;149.2000000
148.6400000;148.6500000;145.7600000;146.0900000
146.6500000;147.9600000;146.1600000;146.7300000
146.5200000;147.1300000;145.5400000;146.4600000
147.4700000;148.4400000;147.0200000;147.7400000
148.3900000;149.2000000;148.0700000;148.6000000
148.8300000;149.0000000;147.2900000;148.2600000
148.0300000;148.8400000;147.4800000;148.4200000
149.2300000;150.4500000;148.9400000;149.1500000
149.7400000;152.2300000;149.2200000;151.5700000
151.2100000;151.7000000;149.7500000;150.6700000
150.6000000;151.6200000;149.3000000;149.3000000
149.3300000;150.0800000;148.3200000;149.2000000
148.9400000;148.9400000;147.4000000;147.4000000
147.9000000;148.9800000;145.7100000;145.8500000
144.6600000;145.6400000;142.3000000;142.3600000
142.7900000;143.6600000;141.6000000;142.7500000
143.6200000;144.8800000;142.5500000;143.4000000
144.2400000;146.3300000;143.6800000;146.1100000
143.0100000;151.3500000;142.5000000;151.0400000
151.8900000;155.5700000;151.8400000;153.3600000
152.9900000;153.6800000;151.4400000;151.5100000
152.4800000;152.8500000;149.1700000;150.4000000
151.0000000;152.3700000;148.7500000;149.8500000
150.9200000;151.8800000;149.1800000;149.9400000
149.9300000;150.9500000;148.9500000;149.7500000
149.9900000;150.8400000;149.6400000;150.0500000
150.9300000;153.2500000;150.9000000;153.0000000
153.8000000;155.6800000;153.6400000;155.0000000
155.4300000;155.4400000;154.5500000;155.2300000
155.3800000;161.2000000;155.3000000;161.1500000
161.0000000;163.4200000;158.9400000;160.3600000
160.1000000;161.1200000;158.4300000;159.4000000
158.9100000;160.7000000;157.6000000;158.0700000
158.3100000;160.1300000;157.7100000;158.7000000
159.8000000;160.0000000;157.7500000;158.7000000
158.4100000;159.9400000;157.1000000;159.4000000
158.7600000;163.2300000;158.4300000;162.0200000
161.9800000;162.9400000;159.3500000;159.3500000
159.8000000;161.0000000;158.5800000;159.9500000
160.7000000;168.9800000;160.6700000;168.9800000
169.6700000;170.8700000;167.6000000;169.6600000
172.0000000;178.9300000;171.3500000;175.4000000
175.0000000;177.4800000;172.0600000;176.9000000
177.0000000;177.8700000;172.3700000;173.7000000
171.5000000;175.3900000;171.3500000;174.9200000
175.6400000;177.0400000;173.5000000;173.9000000
174.7500000;175.5500000;173.2000000;174.3000000
174.0800000;176.8600000;173.0300000;175.9000000
176.5700000;185.3400000;174.6500000;174.7100000
174.4400000;175.3500000;170.0000000;170.0000000
169.7800000;171.7600000;168.5500000;171.1500000
171.2100000;173.2000000;171.1500000;171.9700000
172.0000000;172.7000000;170.5000000;172.2700000
172.9900000;173.6300000;170.1000000;170.1000000
170.0500000;172.2200000;167.5500000;171.3000000
171.6100000;173.2500000;170.5600000;173.2500000
173.4100000;181.6800000;173.0000000;180.1200000
178.9100000;179.4100000;174.2300000;175.9500000
176.3200000;177.2800000;171.5400000;171.9000000
172.4100000;173.7500000;169.5000000;170.6900000
171.3700000;172.3900000;168.0500000;168.3500000
168.3700000;172.3000000;167.5400000;171.6000000
171.5000000;173.0500000;168.5400000;169.0500000
170.0000000;170.6500000;168.0200000;168.2700000
168.8000000;172.3900000;163.8800000;164.9000000
165.2100000;166.8000000;164.0600000;164.6600000
164.7100000;166.4700000;163.3400000;165.9800000
165.8100000;167.8000000;164.3100000;165.2400000
165.5000000;166.9900000;164.6900000;166.3000000
166.5000000;168.1900000;165.4200000;167.4900000
167.3100000;167.3100000;164.5300000;166.7500000
167.3800000;170.7000000;167.2400000;170.2500000
170.3600000;171.3000000;169.5000000;170.2600000
170.8200000;174.3900000;169.0600000;173.7900000
173.8100000;178.9200000;173.0000000;178.9200000
177.5000000;178.0000000;174.2400000;174.6000000
174.3700000;175.2700000;172.0700000;172.2000000
172.5100000;174.2700000;171.7500000;173.9000000
173.9000000;174.6900000;171.9500000;172.8300000
173.0700000;174.1900000;172.2700000;173.8000000
174.3000000;174.9800000;172.2200000;172.8700000
173.0000000;174.1800000;171.5100000;173.4700000
173.1500000;173.1500000;170.7700000;171.2000000
171.9400000;172.6700000;167.8400000;168.8000000
169.0700000;170.4500000;165.4000000;165.5000000
166.0600000;167.0500000;163.5000000;164.7000000
164.9900000;165.1400000;162.0100000;162.7000000
162.2500000;165.5700000;160.0000000;163.5000000
164.0300000;166.5000000;162.2100000;166.4900000
166.4000000;167.1200000;164.4200000;165.4900000
166.3700000;166.6900000;163.9300000;165.4400000
165.1800000;168.3800000;164.8000000;167.0000000
167.4400000;168.3000000;164.3500000;165.9000000
166.5300000;168.0200000;165.0300000;165.5100000
166.0000000;166.3400000;160.6200000;160.9500000
161.0500000;161.1900000;155.7000000;156.0000000
155.9900000;160.9200000;155.9900000;160.0000000
161.2000000;164.3000000;160.3300000;163.4000000
162.9300000;164.8900000;161.6100000;164.4000000
164.5100000;165.9900000;162.0000000;162.0000000
162.3300000;162.3800000;158.9000000;160.9800000
159.3000000;160.8400000;155.2300000;156.2000000
157.3600000;159.4000000;155.5500000;157.5000000
157.4700000;159.8700000;155.8600000;158.9200000
159.3000000;160.7500000;157.0200000;157.4200000
158.0600000;159.6700000;156.0600000;156.2000000
157.8300000;159.8500000;157.8200000;158.3500000
158.5000000;162.8500000;158.1700000;161.1500000
161.5300000;164.0500000;160.6100000;163.8000000
164.5000000;165.4900000;162.2500000;162.9800000
162.0100000;162.9200000;159.7500000;162.9200000
163.3900000;164.8400000;162.1000000;164.1500000
163.9900000;165.9000000;163.0700000;164.5200000
163.0300000;163.3700000;161.1000000;162.6900000
163.4800000;164.1000000;162.0500000;163.6600000
164.0100000;164.9000000;162.3700000;163.2200000
163.3800000;164.1000000;161.9000000;163.5000000
163.4500000;163.7000000;159.5100000;159.8000000
160.5000000;162.9400000;159.8400000;161.8000000
161.4000000;163.9500000;160.7000000;163.5000000
164.3200000;168.4500000;163.8200000;168.1000000
167.5300000;168.1900000;166.4100000;167.4900000
166.1300000;166.8400000;160.7100000;161.4900000
161.1400000;161.3900000;154.5100000;155.2000000
155.1800000;158.5900000;154.6100000;156.0000000
156.9400000;157.4400000;150.2800000;150.2800000
151.5700000;153.3500000;149.7000000;152.0000000
150.6000000;152.2500000;148.6000000;149.2400000
149.4000000;154.2000000;147.6200000;153.9900000
154.4400000;155.5900000;152.1500000;153.4000000
153.1900000;155.3800000;152.3600000;153.6000000
152.9900000;158.4000000;152.2600000;158.2100000
158.7500000;160.3000000;157.8000000;159.5900000
161.1300000;163.4300000;161.0000000;162.5000000
163.0800000;163.5300000;161.3100000;162.5500000
163.1000000;165.8000000;161.7000000;165.0500000
164.9800000;165.7900000;163.2700000;164.6900000
165.5000000;166.0000000;163.9100000;165.2000000
166.0000000;168.3400000;165.0100000;166.6400000
166.3000000;166.5000000;163.6300000;164.7100000
164.6000000;167.4000000;163.7800000;165.5000000
164.2200000;166.6000000;164.0000000;165.8000000
167.0100000;170.8000000;166.4100000;170.8000000
171.0100000;172.3900000;168.8400000;169.9700000
169.7400000;170.4300000;166.8500000;167.7000000
168.5100000;171.6800000;167.8900000;171.3500000
170.9100000;172.0000000;169.9800000;170.6600000
169.8000000;170.6300000;168.1700000;169.2400000
168.4500000;169.1700000;164.7000000;166.5000000
167.4000000;170.0800000;165.7100000;168.8700000
170.4800000;170.4800000;167.1400000;168.0300000
167.8500000;168.3000000;165.4000000;166.3100000
166.5500000;168.4800000;162.5100000;165.7000000
166.5000000;166.9500000;163.5300000;164.0500000
163.8000000;163.8000000;160.6200000;160.7000000
160.9900000;164.2200000;160.6900000;163.9000000
163.1500000;163.4500000;161.1700000;161.6400000
161.5200000;161.6000000;155.0300000;155.9300000
156.4000000;156.7600000;152.7200000;153.0000000
153.0100000;157.1400000;151.6200000;157.1400000
157.1100000;158.8900000;154.4300000;154.7000000
154.4900000;156.0000000;152.1100000;152.8000000
153.3000000;155.1100000;151.7500000;152.8200000
153.1100000;153.4300000;148.2500000;151.9300000
151.4200000;153.7500000;150.1200000;150.1300000
145.4000000;147.3000000;145.0000000;146.0000000
145.6500000;145.6500000;142.8100000;143.0000000
141.9400000;142.2100000;136.2000000;139.0000000
139.6100000;142.8000000;139.0200000;141.6300000
142.5000000;145.1500000;141.8000000;145.0000000
145.2000000;147.1000000;143.5000000;144.9000000
144.2000000;144.9900000;142.7700000;143.4900000
142.5000000;145.6900000;141.7800000;144.2500000
144.3700000;146.0000000;143.6200000;144.1000000
144.8500000;146.4900000;143.8100000;144.4900000
144.3600000;147.2000000;143.4000000;147.1000000
146.2000000;146.4500000;144.7100000;145.5000000
146.5000000;146.8300000;143.2000000;143.8000000
143.2100000;146.7300000;142.8800000;145.5900000
146.6900000;148.3000000;146.2200000;147.5000000
147.4900000;149.8000000;147.1100000;149.3900000
149.3900000;149.7900000;147.8900000;148.9600000
149.2000000;151.0300000;148.9000000;150.3500000
149.6900000;152.5000000;149.0600000;152.1600000
152.3700000;155.3400000;152.3600000;155.0000000
155.5700000;157.0000000;154.9500000;156.9100000
157.5500000;160.9900000;157.5000000;160.8500000
161.5000000;162.6200000;158.3400000;159.9400000
159.7600000;162.2600000;159.4300000;161.4000000
161.8000000;163.1000000;159.8200000;161.9800000
162.0000000;162.9900000;160.8800000;161.7000000
161.3900000;164.3400000;160.5300000;164.3400000
164.0900000;164.9100000;163.4700000;163.9300000
163.9600000;163.9900000;161.7200000;162.1000000
161.2900000;162.3300000;158.6000000;161.3300000
161.6900000;162.3000000;159.9200000;160.2200000
160.7000000;162.3100000;160.1200000;161.5500000
162.4400000;166.0000000;162.4000000;166.0000000
165.3700000;165.7500000;163.1500000;165.4000000
165.5200000;167.3500000;163.8800000;164.5300000
165.5300000;168.0000000;165.3000000;166.3100000
166.6000000;169.9400000;166.5400000;169.9000000
170.0000000;170.9800000;169.1700000;170.0000000
169.4800000;170.0000000;168.6000000;169.7300000
170.4700000;172.9500000;170.3800000;172.7900000
173.0300000;175.8800000;172.6600000;175.7500000
174.8000000;175.2000000;172.8000000;173.4000000
173.7400000;174.1600000;172.0100000;172.2000000
171.3000000;172.4900000;168.6400000;172.0500000
172.7700000;173.7700000;171.3700000;172.5100000
172.3100000;172.7200000;170.4600000;172.3300000
172.9500000;175.3000000;172.8300000;173.0500000
172.5200000;173.9900000;172.2700000;172.7200000
171.7000000;171.7100000;168.1300000;169.5000000
169.7800000;170.6900000;168.5000000;169.9000000
171.2000000;171.7000000;169.7000000;171.0000000
171.0100000;175.3000000;170.9800000;175.3000000
175.5000000;179.9400000;175.3000000;179.8000000
180.8800000;182.2500000;179.6000000;180.5100000
180.7500000;181.8500000;179.2000000;181.8500000
181.9000000;182.0000000;179.5100000;181.8900000
182.5000000;184.4800000;180.8500000;183.5000000
182.9500000;186.3300000;181.7100000;183.5100000
183.8500000;185.3300000;182.0200000;183.6600000
181.8200000;185.2700000;180.9300000;184.1000000
184.3900000;185.5900000;183.3300000;184.1400000
183.2500000;183.7300000;181.4700000;183.1200000
183.4700000;185.2500000;183.3200000;184.0000000
184.1000000;187.4300000;183.7700000;185.8900000
186.7000000;191.3000000;186.5100000;190.5000000
191.0300000;192.3100000;188.1400000;189.3200000
189.3000000;190.9500000;188.4000000;189.1000000
189.0000000;189.3900000;186.0000000;188.6400000
188.6800000;189.3000000;186.7200000;188.7500000
189.5800000;190.3700000;187.3100000;188.0400000
187.6500000;187.7200000;184.5500000;184.8500000
184.5300000;186.4700000;182.6500000;186.4700000
186.3500000;188.3700000;183.8000000;187.3800000
187.3600000;188.7700000;186.7700000;187.5500000
187.3300000;191.3800000;186.3700000;191.2000000
191.5800000;195.0000000;191.5400000;192.5400000
192.9400000;194.2900000;191.2000000;193.7000000
193.6300000;194.3000000;191.5300000;191.9600000
191.9600000;192.9400000;190.8000000;192.3300000
192.7100000;194.1000000;191.1000000;193.0000000
193.2500000;193.8700000;192.1300000;192.5000000
192.4900000;192.5900000;191.2200000;192.0300000
192.1800000;193.9300000;189.0600000;193.7400000
194.3000000;196.4200000;193.6700000;194.1600000
194.2200000;194.9000000;192.5800000;194.0000000
194.3000000;194.4500000;192.9500000;193.2100000
193.9400000;196.7500000;193.5600000;195.8300000
195.8300000;196.7500000;194.9500000;195.5100000
195.6300000;197.2900000;195.2000000;196.4800000
197.5300000;198.5200000;196.7000000;197.7000000
197.3900000;198.0000000;196.0700000;197.2000000
197.5000000;197.8900000;194.0100000;195.3100000
195.2600000;195.6900000;191.8100000;192.2000000
193.5400000;194.1400000;192.2300000;192.9700000
193.4300000;193.6400000;190.8200000;192.3400000
191.6900000;192.9200000;190.1300000;192.5000000
193.0100000;194.3700000;192.0400000;192.0400000
192.6500000;193.5000000;190.7200000;192.7500000
193.5300000;196.1800000;192.8700000;196.0500000
196.3200000;197.7000000;195.0000000;195.0000000
194.9600000;196.3600000;193.8000000;193.8000000
194.5000000;197.0500000;193.3300000;194.0500000
193.7700000;195.1200000;192.3800000;193.8500000
194.7700000;195.7500000;193.2000000;193.8000000
196.5000000;206.7000000;195.5600000;205.9600000
205.9200000;211.7700000;204.0600000;209.0900000
209.5500000;221.5000000;209.1200000;220.0500000
221.0100000;229.4000000;216.6100000;217.7000000
217.8000000;223.9900000;215.7800000;216.6100000
216.5100000;222.2000000;215.9600000;221.4000000
222.5300000;227.7500000;221.5400000;225.9500000
227.7300000;228.5800000;219.0900000;227.5000000
227.9000000;228.0000000;224.1000000;225.6500000
225.7000000;225.9700000;223.1600000;224.6000000
225.4900000;232.9900000;224.0700000;231.0000000
231.8800000;233.9500000;228.3800000;230.2500000
230.2800000;230.9900000;225.0600000;225.5600000
225.4000000;228.0000000;222.1500000;228.0000000
228.3900000;229.0400000;225.0000000;226.7600000
221.0000000;230.0000000;221.0000000;230.0000000
230.1300000;231.5000000;226.7000000;228.2000000
228.0000000;228.9200000;222.3500000;224.3500000
224.5300000;225.7600000;220.7600000;221.5000000
222.0000000;226.0000000;219.5500000;224.6000000
224.0000000;224.5500000;222.0000000;223.9100000
222.6500000;224.9000000;221.5700000;223.7500000
223.8300000;224.7900000;219.2300000;219.8100000
219.9000000;223.0000000;219.6100000;220.8900000
221.4000000;227.6900000;221.1000000;227.6900000
228.9200000;230.5000000;226.1100000;227.9000000
227.2700000;228.3300000;220.5400000;221.8000000
222.1600000;229.9000000;221.1000000;229.9000000
228.9100000;229.7900000;225.5700000;226.5300000
227.5000000;228.9000000;225.7000000;227.4000000
227.9000000;228.5000000;223.5000000;224.1000000
224.4500000;226.6800000;222.7000000;226.0000000
226.4600000;227.3900000;222.3500000;223.6000000
223.6800000;224.6400000;221.1200000;221.4400000
222.2200000;223.9000000;221.6500000;223.3000000
223.5200000;223.9800000;221.0000000;223.5700000
224.0300000;227.2000000;223.1000000;226.9800000
226.9000000;227.1700000;223.0000000;224.2000000
224.0500000;226.2000000;223.2700000;225.2000000
226.8800000;232.7000000;226.3500000;231.9000000
232.1300000;239.5000000;231.0000000;238.8000000
238.8500000;239.9500000;236.7000000;238.6000000
239.0400000;243.7600000;239.0100000;240.4000000
240.4100000;241.2500000;237.0600000;237.7600000
237.7600000;240.8800000;235.2100000;239.0000000
239.0000000;239.0000000;236.0500000;237.7500000
239.0300000;240.9700000;238.0000000;238.8500000
239.0000000;240.0000000;236.0100000;239.6400000
238.6200000;239.8200000;236.5300000;239.8200000
240.5000000;246.6900000;240.0000000;245.5000000
245.1600000;245.9800000;240.6800000;242.4500000
242.9700000;244.8900000;241.4100000;243.9900000
244.7800000;246.2500000;241.6700000;244.4000000
244.2000000;247.5300000;242.3200000;247.5300000
247.9000000;251.6500000;247.5800000;250.6400000
249.6000000;251.2300000;245.9300000;247.0000000
247.5000000;250.7900000;246.0000000;250.4800000
248.5300000;258.9600000;247.9100000;257.8000000
257.5000000;264.7900000;255.7000000;264.5000000
265.0000000;270.3000000;260.6000000;263.2000000
263.6300000;264.8300000;256.2000000;257.3200000
254.9300000;258.2900000;252.6000000;255.6400000
249.9800000;262.5500000;248.1000000;258.9400000
263.0000000;264.3700000;256.2600000;257.5800000
256.4000000;259.7600000;253.1900000;253.1900000
249.4800000;252.8900000;244.1300000;250.1100000
253.0000000;256.3600000;251.6700000;255.0500000
255.8700000;258.6200000;254.7000000;258.3000000
259.0800000;263.3700000;257.2600000;262.0300000
267.5300000;268.7700000;264.0000000;264.5800000
265.8100000;267.9700000;263.1100000;266.9900000
267.0000000;270.0000000;265.3000000;266.8500000
266.8600000;267.8000000;264.7200000;267.2200000
266.0600000;279.2000000;266.0500000;279.2000000
277.9600000;279.5000000;275.5200000;277.4900000
279.0000000;285.0000000;278.5900000;279.9700000
280.8200000;280.9900000;276.6100000;278.2100000
276.0200000;277.4100000;272.0000000;272.4000000
270.9800000;277.0000000;270.9000000;275.0000000
274.4000000;275.5000000;268.5600000;273.0000000
273.7000000;278.8400000;273.5000000;277.0000000
278.5000000;281.5000000;274.0300000;274.0300000
272.9900000;276.7200000;270.1500000;274.0000000
274.5700000;275.4800000;270.6100000;274.6000000
276.0500000;277.3000000;273.5500000;274.3000000
274.0000000;275.9300000;272.6600000;273.9500000
272.9200000;273.4000000;262.1100000;262.5000000
263.0100000;264.6100000;253.2900000;254.5100000
255.2800000;257.9800000;249.7600000;256.1500000
257.8000000;259.8100000;250.0100000;255.0000000
255.9500000;257.3400000;250.4000000;257.1500000
258.0000000;270.0000000;257.2300000;268.8800000
269.9700000;271.8000000;264.1000000;265.5000000
259.0300000;264.2500000;259.0300000;262.0000000
262.0200000;264.8700000;255.0000000;255.0000000
256.9900000;258.4300000;252.2700000;258.0000000
255.5000000;256.1200000;250.7500000;251.5000000
252.1400000;255.6000000;252.1400000;252.9000000
254.0200000;254.4900000;252.8000000;253.5700000
253.6000000;258.3400000;249.9900000;249.9900000
250.0100000;251.9300000;245.3800000;251.6000000
252.2200000;255.7700000;249.0900000;255.6900000
257.2600000;262.8900000;255.9200000;262.0000000
260.6400000;262.3200000;256.0100000;256.7600000
255.1000000;255.3000000;205.0000000;213.0000000
211.2400000;224.4700000;197.0000000;215.4800000
213.9800000;223.6000000;204.2400000;208.0000000
214.5900000;218.3900000;208.5000000;212.2100000
213.3600000;216.7000000;203.1400000;204.7000000
199.3500000;208.0000000;191.5000000;192.0600000
203.0300000;207.8700000;200.0000000;207.5000000
209.0200000;219.9300000;208.2500000;215.8700000
217.3400000;222.2200000;212.0000000;213.4500000
214.0200000;216.2700000;212.1300000;215.3600000
216.4800000;223.5000000;213.2200000;223.2500000
225.9200000;228.4300000;221.3000000;223.0000000
220.1300000;223.7800000;218.2000000;220.4500000
221.5700000;222.5900000;216.0000000;220.7000000
221.3700000;224.4300000;217.6200000;223.9100000
224.4000000;224.9900000;222.4000000;224.8700000
224.5000000;228.2000000;221.5800000;226.9900000
224.5000000;230.0000000;224.0200000;229.0200000
228.4200000;232.7400000;227.5000000;228.0300000
229.5900000;230.9400000;225.7000000;228.5500000
230.2000000;232.1800000;229.0600000;229.8600000
227.7700000;228.4800000;224.5000000;226.7000000
228.5000000;234.1400000;228.3700000;233.7000000
234.3000000;237.9500000;233.7400000;235.7200000
236.2200000;237.8000000;234.0300000;237.8000000
237.5000000;237.5000000;230.4000000;231.3900000
230.8800000;232.0000000;226.7000000;229.8000000
230.0200000;231.2500000;226.0500000;226.0500000
225.7100000;228.1600000;222.2000000;222.2000000
223.5500000;226.8000000;223.5500000;226.2100000
227.2700000;227.2700000;222.9500000;225.6000000
223.1200000;224.0700000;221.0000000;221.0000000
221.9200000;223.7000000;221.1200000;222.0100000
222.5200000;223.4800000;219.0000000;220.0000000
219.4700000;221.5000000;219.2000000;220.9000000
220.6500000;222.1300000;217.1000000;219.0000000
219.3000000;221.5500000;217.8800000;221.0100000
221.9800000;224.3500000;220.0000000;222.3600000
221.5000000;222.7700000;220.0000000;220.0000000
221.1400000;222.6700000;218.5700000;220.0000000
220.0000000;220.7900000;214.5100000;215.5600000
216.0100000;218.1900000;214.6500000;217.9000000
218.9400000;219.4500000;216.4100000;216.4100000
215.9900000;217.0000000;210.2500000;210.9500000
211.5200000;213.2700000;211.5000000;212.6000000
212.5800000;213.6100000;208.3300000;210.3500000
211.2500000;216.1300000;209.6300000;215.0000000
214.8000000;217.4900000;213.6000000;214.0000000
213.9000000;215.0000000;207.9000000;209.3600000
209.0000000;211.2000000;205.0100000;206.3000000
204.0000000;206.7700000;202.1100000;206.0000000
207.0200000;212.3700000;207.0200000;212.2000000
212.2000000;214.1600000;208.6200000;210.4000000
211.6300000;215.0000000;209.6200000;214.4300000
204.5000000;206.9400000;202.5100000;202.5100000
203.5100000;205.0000000;199.6000000;199.9100000
201.8500000;209.3300000;198.5500000;207.9500000
207.8100000;210.6300000;207.0100000;208.5000000
210.1200000;218.3000000;210.0900000;218.0000000
217.0100000;222.8300000;216.0000000;221.0100000
221.2000000;222.4500000;217.1000000;218.4500000
218.3000000;219.5600000;216.6100000;217.7000000
217.4800000;224.5400000;216.8500000;224.5400000
225.0200000;227.5900000;221.6100000;226.7100000
228.5000000;231.2400000;228.2000000;230.0000000
230.9500000;232.2500000;228.0000000;230.3000000
229.2000000;229.2000000;224.8000000;227.5700000
226.7600000;228.4500000;225.1000000;226.6000000
227.3000000;230.8600000;227.2200000;229.8500000
230.1000000;231.0000000;226.4200000;227.9900000
226.9100000;227.0000000;220.5200000;222.5000000
222.0000000;224.0000000;215.6400000;216.2800000
216.8000000;217.1100000;206.5600000;207.5000000
207.8000000;210.9500000;201.1000000;204.3400000
205.4200000;210.4000000;205.2500000;208.4200000
208.9200000;215.4500000;208.9200000;215.4500000
210.9900000;215.4500000;208.3400000;213.7000000
215.7000000;216.5100000;209.1100000;210.0000000
210.0000000;211.2200000;205.5800000;208.9000000
207.7700000;212.4900000;206.5600000;211.3300000
211.0200000;214.9400000;210.2400000;214.8600000
213.6100000;215.2000000;210.5700000;210.6000000
209.0000000;211.7200000;205.1300000;206.6000000
206.4900000;206.5500000;202.0000000;202.2100000
201.8000000;205.2000000;199.5700000;203.9000000
205.1900000;207.9500000;201.5500000;201.7900000
201.5300000;202.4500000;191.5100000;193.2000000
189.9900000;195.9000000;182.0600000;195.9000000
193.9800000;196.8500000;183.0100000;186.1500000
182.1600000;193.3900000;180.1500000;190.0000000
192.9800000;195.9800000;188.2000000;192.7600000
192.3500000;194.0000000;186.5300000;187.9800000
189.0100000;192.2800000;188.2200000;191.6000000
191.8100000;192.4300000;188.5900000;189.5500000
190.9800000;193.9900000;190.6400000;191.2000000
192.0100000;192.3400000;189.5500000;191.8000000
192.4300000;193.6900000;187.5600000;187.8000000
188.4000000;189.0600000;178.5500000;178.7100000
178.0000000;180.3900000;172.8000000;180.3900000
181.4800000;183.8300000;180.5200000;183.2700000
183.4400000;184.6400000;181.2200000;182.0000000
182.6000000;183.8500000;181.3100000;183.5000000
184.6100000;185.5700000;177.2500000;178.0000000
177.6000000;182.0000000;175.6100000;182.0000000
181.7200000;182.8700000;180.1500000;181.2100000
182.0000000;182.4900000;177.7100000;179.5000000
178.5000000;181.2500000;178.2800000;178.4600000
177.9800000;180.1800000;175.0000000;175.0000000
175.4700000;177.4500000;173.8500000;174.9000000
175.0500000;175.9700000;169.8500000;171.2100000
171.2400000;172.6700000;165.9000000;169.3600000
170.2300000;175.1900000;169.4000000;173.9000000
174.5000000;189.0400000;174.5000000;183.5000000
185.0000000;189.0000000;182.5300000;188.7100000
190.0000000;192.0700000;186.6000000;188.1100000
188.3000000;192.6900000;186.5100000;191.6500000
192.3400000;193.9700000;191.4700000;193.9000000
194.3100000;197.7300000;191.1600000;191.1600000
191.1900000;194.6800000;188.8300000;193.4400000
194.5000000;199.0600000;194.2900000;198.7500000
199.7000000;201.0000000;195.0600000;195.5500000
195.5400000;197.4000000;193.5900000;195.7900000
195.0000000;204.1000000;194.5600000;204.1000000
204.9300000;205.6700000;200.1000000;203.3200000
204.5000000;205.2500000;201.7100000;204.2000000
205.1700000;205.9800000;198.6200000;199.5000000
200.0000000;202.4700000;196.8500000;198.3000000
197.9100000;198.1900000;189.2500000;189.3500000
188.9800000;191.5900000;185.0500000;187.2000000
187.0500000;193.6000000;182.5100000;191.8500000
193.5000000;196.0400000;188.7000000;191.2500000
192.0000000;195.1200000;188.8100000;189.8900000
184.8400000;187.8300000;182.3000000;185.2700000
187.8000000;192.1600000;187.6100000;191.8500000
192.5000000;193.8900000;189.4500000;190.9200000
190.0200000;196.2000000;189.0000000;196.0500000
198.4000000;198.8000000;192.9200000;194.0500000
193.4800000;194.2000000;190.8000000;191.0000000
191.2000000;191.7000000;183.8000000;183.8000000
184.8400000;187.7200000;180.0300000;180.7000000
178.8900000;182.5000000;177.0200000;181.0000000
182.5100000;189.2500000;180.5000000;188.0100000
185.6600000;188.7500000;184.0300000;186.7100000
185.7700000;185.8500000;178.2700000;181.0000000
180.6000000;186.3000000;178.6400000;185.5900000
183.9000000;186.8200000;181.7400000;184.7800000
186.1700000;189.8000000;184.8300000;189.8000000
189.5400000;191.3600000;186.7000000;188.6700000
189.9700000;192.9800000;188.5700000;192.6000000
194.5100000;197.8500000;193.7300000;197.8000000
197.4100000;203.0000000;195.4000000;201.9000000
201.9800000;204.7000000;200.1000000;202.8900000
200.3800000;201.9600000;194.3300000;195.7500000
197.9700000;201.8500000;196.4000000;196.8200000
195.5000000;199.7000000;193.6800000;196.5600000
195.2100000;199.5600000;193.1800000;199.2000000
200.0200000;202.5000000;199.5000000;200.1500000
201.1200000;203.5000000;198.7100000;199.2600000
198.9500000;200.7000000;197.5000000;197.9900000
197.2500000;197.8000000;191.8100000;194.2100000
194.0700000;198.4000000;193.3800000;197.5000000
197.9500000;200.0100000;195.9200000;199.4000000
198.5800000;198.7700000;194.8600000;197.3000000
197.5000000;197.7900000;185.5300000;188.5000000
189.9200000;192.4500000;188.1100000;191.0300000
191.6100000;193.2700000;189.4500000;190.2000000
191.8500000;196.3700000;191.1000000;195.7600000
194.0500000;194.2500000;191.2200000;194.0000000
197.9900000;201.9000000;197.5800000;200.3000000
200.3000000;200.7000000;196.9300000;199.0000000
195.6900000;196.8000000;194.0500000;196.0000000
194.0000000;194.2300000;190.1100000;192.1900000
193.5100000;196.3500000;192.2000000;195.0100000
192.7200000;193.9200000;190.3900000;191.8000000
192.1800000;193.8000000;190.2000000;192.5700000
193.3000000;193.9000000;190.4500000;190.4500000
190.2300000;191.5500000;188.5600000;189.1700000
188.8500000;189.1000000;183.7300000;184.9300000
184.6500000;186.9600000;182.1100000;182.3000000
180.6600000;186.6000000;180.3700000;186.6000000
185.4500000;188.8500000;184.3500000;188.8500000
185.9500000;191.8200000;185.3100000;189.3000000
188.7400000;190.0500000;185.7000000;186.7900000
186.1000000;187.2600000;183.5100000;184.3000000
182.4100000;183.4700000;179.0400000;183.3000000
183.9200000;185.5000000;182.3500000;183.4000000
187.2000000;187.4000000;184.1800000;185.0000000
185.7800000;187.2200000;184.9800000;186.5000000
186.9000000;187.0000000;185.3100000;186.3400000
186.3700000;191.5000000;186.0000000;186.9900000
187.9900000;190.9900000;187.7700000;190.9900000
191.6600000;193.1800000;190.3700000;191.2400000
192.7100000;197.0000000;192.1000000;197.0000000
196.3000000;197.6400000;195.0300000;196.7500000
197.1300000;198.9600000;195.6100000;196.8000000
195.6800000;197.4400000;194.0000000;196.8000000
197.3900000;198.8400000;195.9100000;198.0000000
198.6400000;201.3000000;198.0200000;201.2600000
201.6700000;203.5500000;201.0500000;203.3200000
204.6000000;208.4400000;203.8300000;208.4400000
208.9200000;210.2000000;207.1700000;207.1700000
206.6500000;208.8800000;205.6300000;207.9500000
207.7500000;212.0000000;207.5200000;210.4000000
210.4000000;213.4300000;208.5500000;212.2000000
212.7700000;214.1400000;211.0100000;212.0000000
212.0000000;213.3000000;207.6300000;209.7000000
209.7100000;214.4900000;206.9100000;213.6100000
213.8000000;215.7000000;212.2200000;213.1400000
215.1700000;218.1000000;214.6700000;217.9000000
217.9900000;218.7000000;215.0100000;216.2900000
216.2500000;217.1400000;215.0600000;215.5000000
216.0000000;218.5500000;214.6100000;217.8500000
217.9200000;218.1500000;215.4100000;216.5900000
216.0000000;216.6500000;210.6000000;211.0100000
209.9900000;211.9300000;208.7000000;210.4300000
211.0000000;214.7200000;210.8000000;214.0000000
214.7300000;219.4500000;214.6000000;219.1000000
219.6000000;220.7000000;213.1000000;213.9000000
208.5000000;209.8500000;201.7000000;204.4300000
205.9400000;209.0000000;205.5200000;208.0000000
208.7000000;209.7300000;203.2000000;204.1900000
203.6000000;205.6000000;201.1000000;202.0800000
203.9000000;206.8900000;203.2300000;206.8900000
207.5600000;207.8700000;202.3000000;203.4100000
203.6200000;206.1000000;203.0300000;205.2500000
205.5000000;208.6000000;204.2000000;205.8600000
204.8000000;205.8000000;202.9000000;205.8000000
206.0600000;206.9000000;203.9000000;205.4000000
205.0000000;208.8900000;204.1600000;207.8000000
208.4400000;209.0000000;206.1000000;206.5400000
207.0200000;207.5000000;205.2500000;205.5000000
204.8400000;204.9000000;202.2500000;202.9200000
202.8900000;205.7000000;202.6000000;205.0000000
205.1000000;206.6700000;203.5000000;203.9500000
203.2000000;205.6000000;202.5600000;205.2500000
206.5000000;206.8900000;204.4000000;205.1000000
204.6900000;206.0000000;203.8000000;206.0000000
205.6000000;206.3800000;203.5000000;203.6600000
204.2000000;204.9500000;203.5500000;203.5500000
204.2500000;206.1400000;204.1100000;205.9000000
206.4000000;208.3100000;205.9300000;207.7000000
207.5500000;209.8400000;206.4000000;209.8000000
210.2700000;212.2900000;209.7700000;210.6100000
210.6500000;211.2900000;206.7000000;207.7000000
206.6600000;214.2000000;205.5500000;214.0000000
214.7100000;218.4600000;213.1300000;218.0000000
218.2100000;219.2500000;214.1000000;214.1000000
214.1400000;215.9500000;213.7200000;215.0700000
216.0000000;218.1900000;214.4000000;214.4200000
215.0500000;218.1100000;215.0100000;217.7000000
218.7500000;219.3200000;216.8000000;218.2300000
220.1200000;224.1600000;218.8800000;219.0500000
218.5000000;221.8500000;218.0100000;221.8000000
222.3500000;227.7000000;222.0300000;227.5000000
227.9000000;232.3000000;227.9000000;232.3000000
233.5400000;238.9000000;232.3900000;238.0000000
239.0000000;245.2500000;237.9400000;243.6800000
244.4000000;247.2300000;238.8600000;238.8600000
239.9700000;243.1500000;237.0000000;239.5000000
240.3900000;242.3000000;237.0600000;237.8000000
239.0000000;239.5000000;232.3200000;233.2400000
234.5200000;235.7500000;232.0000000;234.3000000
233.8000000;234.1100000;230.8400000;232.7900000
233.4800000;233.5000000;231.9000000;232.6000000
233.7000000;236.0900000;233.0500000;235.4100000
235.9900000;237.5600000;234.1600000;235.6700000
235.0000000;236.4700000;233.9400000;236.0000000
235.6800000;236.0000000;227.8000000;227.8000000
227.4700000;227.4700000;222.0800000;223.1800000
223.7000000;229.0900000;223.0500000;228.8000000
229.0200000;229.0200000;223.8100000;225.1700000
226.0000000;229.8400000;225.8500000;229.1000000
229.6900000;233.0000000;228.5500000;232.5200000
228.7200000;232.8000000;227.0000000;232.8000000
232.7000000;234.3400000;230.2600000;231.4900000
231.0300000;232.5000000;229.5000000;230.0000000
227.0000000;229.4900000;226.1100000;227.0000000
226.6000000;228.6700000;224.1500000;224.2200000
224.6000000;230.5500000;224.6000000;227.8800000
228.9200000;230.9600000;224.4300000;228.6900000
228.9800000;231.4500000;227.5900000;228.1900000
226.9800000;228.2400000;226.0000000;226.9400000
228.1000000;229.1800000;225.1000000;226.0000000
227.0200000;232.7100000;226.0400000;232.7100000
233.1300000;237.4000000;230.8000000;235.8600000
234.4800000;235.3700000;228.5700000;229.3000000
231.2100000;236.4500000;231.2000000;234.4500000
235.2700000;237.0000000;233.8300000;236.0000000
236.4000000;237.4700000;230.6000000;233.1900000
232.1900000;234.3000000;230.2500000;233.4000000
234.5600000;235.2100000;231.9100000;232.7500000
230.5600000;234.1000000;229.2100000;233.2400000
231.1800000;241.5000000;230.3500000;239.9500000
239.8500000;240.2500000;234.8000000;236.0000000
236.1200000;240.3000000;235.1100000;239.0000000
238.8700000;246.3400000;238.5300000;244.8900000
246.3800000;249.0000000;246.0600000;248.2800000
249.5800000;250.6500000;245.2000000;249.0000000
235.5000000;239.0000000;235.1100000;235.8900000
236.5000000;241.0700000;232.5500000;240.4900000
240.6000000;243.8000000;237.1000000;238.8000000
238.9100000;240.8700000;237.5000000;237.8000000
237.2500000;241.9900000;236.3600000;241.8000000
242.5000000;242.9500000;238.7000000;240.4000000
241.9800000;244.9900000;241.4000000;244.1000000
243.0100000;243.9000000;237.5600000;238.0200000
239.0100000;240.7500000;238.4200000;239.0900000
238.9500000;239.2000000;234.2000000;236.7000000
236.8000000;241.3700000;235.8100000;240.5900000
240.4200000;242.4400000;238.3000000;240.5000000
240.1200000;241.2300000;237.8700000;238.5500000
240.9800000;243.9000000;240.2100000;242.9800000
242.5200000;242.7400000;239.7000000;241.2000000
241.0000000;243.7000000;240.1700000;241.5100000
241.9700000;243.0000000;240.8100000;242.8200000
242.9500000;243.5000000;241.6100000;242.8300000
242.2200000;243.3000000;240.6800000;243.3000000
242.9500000;243.7000000;241.8700000;242.7400000
243.1100000;245.5000000;242.0100000;243.7600000
244.5200000;244.9700000;240.1700000;241.3000000
241.2900000;241.5000000;236.3700000;237.0200000
237.9000000;238.5900000;234.2300000;235.2700000
234.6500000;235.3000000;232.2500000;234.7500000
234.3200000;238.0400000;233.5000000;234.6300000
233.8100000;236.4000000;233.5000000;234.7800000
236.3500000;237.9300000;232.3200000;232.8500000
232.9300000;233.9800000;228.5700000;230.3500000
230.5000000;232.8300000;228.5200000;232.4800000
233.7200000;234.0000000;229.9000000;230.6500000
229.9900000;234.6500000;229.0200000;232.9000000
232.5000000;233.9900000;230.2500000;230.5500000
230.7000000;233.7400000;230.1800000;232.8000000
233.1400000;236.0000000;231.1300000;236.0000000
237.5100000;237.5500000;233.1100000;233.4900000
232.1500000;232.4600000;228.5000000;229.5000000
224.9100000;226.8800000;220.3000000;220.8100000
219.7800000;224.0000000;219.4500000;222.2400000
222.7700000;226.8800000;222.3000000;226.0100000
225.8900000;227.6000000;221.9000000;222.2500000
224.6000000;225.9000000;223.1800000;223.9300000
224.0600000;224.3600000;220.6700000;220.6700000
222.3800000;222.9900000;219.7400000;222.3000000
221.3100000;225.7500000;220.0700000;223.1800000
224.1000000;224.2500000;216.6000000;217.1100000
218.5000000;218.9400000;212.8800000;214.5900000
215.8000000;216.7500000;213.9100000;215.0500000
217.0400000;218.2000000;214.0600000;217.4000000
217.6300000;219.2300000;215.5300000;216.0000000
216.9600000;219.5000000;215.8000000;218.6200000
218.2500000;220.4000000;217.3500000;219.5000000
220.2100000;223.1000000;217.8600000;219.5000000
217.5400000;219.6400000;216.5300000;218.5000000
218.8800000;219.0500000;215.6100000;217.8900000
218.0800000;219.0800000;217.1800000;218.3000000
218.4700000;221.5000000;218.0500000;221.5000000
221.9100000;225.2000000;221.2100000;224.2000000
224.0500000;227.8400000;223.4100000;226.6800000
225.9400000;226.2500000;222.0500000;224.0000000
225.3000000;227.5000000;224.6900000;227.1000000
229.5100000;230.9300000;228.3600000;230.7900000
231.0000000;231.2000000;228.3600000;229.0200000
229.8800000;230.8700000;227.6100000;229.0000000
228.6000000;235.2300000;227.1000000;233.3000000
233.5000000;235.9000000;232.6200000;234.7200000
234.9000000;235.4200000;232.8100000;234.5700000
234.1700000;235.0000000;231.9100000;233.0000000
234.9800000;235.5300000;233.2000000;235.3200000
235.2200000;237.2000000;233.9900000;235.8900000
235.7100000;236.4500000;234.4500000;235.3000000
234.8600000;235.4900000;233.1200000;234.9800000
234.9800000;235.5000000;230.7200000;232.0000000
231.7100000;232.1700000;229.0500000;229.7000000
229.9500000;231.9900000;227.1100000;227.5000000
226.5000000;228.3000000;225.3000000;228.0900000
228.2300000;230.9000000;227.7100000;229.0900000
229.2000000;229.9600000;228.0500000;228.0500000
228.5700000;229.0000000;226.0500000;227.7100000
227.6100000;229.5600000;226.4900000;226.4900000
226.0500000;226.6300000;223.0300000;223.5000000
223.5900000;225.6400000;222.6100000;224.0800000
224.9000000;226.0600000;221.8700000;222.7600000
223.1700000;227.8000000;222.4100000;227.5500000
227.7500000;228.1800000;225.1500000;226.0300000
226.0300000;229.0000000;225.5200000;227.7000000
227.7000000;228.9400000;225.6200000;228.5000000
229.5000000;231.2000000;228.9700000;230.3100000
230.2900000;230.6700000;227.8200000;228.4000000
228.6000000;229.8800000;227.0000000;229.4000000
229.1000000;231.2000000;229.1000000;231.0000000
230.7400000;233.5000000;230.5200000;233.5000000
233.2100000;236.0300000;232.8000000;235.5500000
236.0200000;236.8800000;234.0400000;234.9400000
235.0200000;239.7700000;235.0000000;239.7700000
239.2000000;240.1800000;237.7600000;239.5700000
239.6300000;242.7800000;239.0600000;242.7800000
242.5500000;242.7700000;237.8500000;240.0000000
240.5100000;242.3300000;235.2500000;237.0300000
237.1000000;240.2000000;236.0000000;240.1100000
239.6900000;242.2000000;237.8500000;239.5100000
240.7200000;242.0000000;234.0100000;234.8900000
235.3500000;236.7400000;232.8000000;236.4000000
239.6000000;240.9800000;236.7000000;238.5300000
238.4200000;239.0200000;236.5200000;239.0200000
238.1100000;242.9500000;237.7100000;242.5000000
241.4200000;241.6800000;238.7000000;240.1700000
239.0200000;242.4000000;238.3100000;241.5000000
241.8000000;243.7400000;239.5000000;239.8700000
239.0600000;239.5700000;235.8100000;237.2100000
237.6200000;239.1300000;236.8200000;237.5000000
237.8500000;240.1800000;236.4500000;240.0000000
240.5900000;241.2300000;236.3600000;237.4500000
237.5200000;239.8200000;237.2000000;239.2500000
238.6000000;240.2000000;237.1000000;237.7800000
237.3700000;238.0000000;235.8000000;237.1500000
236.5800000;240.1900000;236.5300000;238.1300000
238.6800000;239.7500000;237.2100000;237.9800000
238.0100000;238.1000000;234.3500000;235.0000000
235.2500000;236.4500000;233.5100000;234.2200000
234.1000000;235.5000000;233.1000000;235.2000000
234.6500000;235.1400000;231.9700000;233.9800000
234.5900000;236.3700000;233.0000000;233.7700000
233.2800000;234.0600000;230.1300000;230.6600000
230.7200000;232.2400000;229.5000000;231.5900000
231.8900000;232.1500000;229.0300000;231.7100000
232.0000000;235.1400000;231.5500000;235.1400000
235.4600000;237.5000000;234.3000000;237.0400000
236.6000000;239.2900000;236.0000000;237.9100000
237.8100000;241.2300000;237.7000000;240.3200000
242.0100000;242.3000000;240.0900000;241.0500000
242.0200000;243.2500000;241.1000000;241.2100000
242.0200000;242.4800000;240.1300000;241.4500000
241.8200000;242.9600000;241.0000000;241.6000000
241.2100000;246.2500000;240.3600000;246.2000000
246.2700000;248.4000000;243.1000000;244.0000000
244.6000000;245.4000000;243.7200000;244.7100000
244.7500000;249.1900000;244.0700000;248.8000000
248.8000000;249.8900000;247.2700000;248.6700000
248.9800000;249.3000000;247.1100000;248.0400000
248.2000000;249.2400000;246.7100000;248.2400000
248.5600000;252.9500000;248.5500000;252.0600000
252.0900000;256.0000000;250.7300000;254.7500000
255.9700000;258.1900000;253.7000000;255.0000000
254.7500000;254.8400000;251.4000000;253.9000000
253.6200000;259.1500000;253.0300000;259.1500000
259.4100000;261.7600000;257.0100000;257.9900000
257.9100000;259.2500000;256.8800000;258.1900000
258.2100000;262.4000000;257.1500000;262.4000000
262.5800000;263.2200000;258.6200000;259.0500000
258.4500000;258.9100000;254.2100000;256.3100000
257.1100000;259.5100000;256.1000000;257.5100000
258.2000000;262.8200000;257.7500000;262.5000000
263.2200000;266.9700000;261.8000000;266.2800000
265.4700000;268.9000000;263.0200000;268.0600000
268.6300000;270.8000000;265.5000000;266.5400000
264.9000000;266.8900000;262.2400000;263.7300000
264.5300000;267.5000000;264.2100000;265.4900000
260.9900000;262.1000000;255.3200000;255.3200000
257.0500000;258.8400000;254.1000000;257.7000000
258.4000000;261.5700000;257.6100000;259.9400000
257.9700000;258.6900000;255.2700000;257.3100000
258.5000000;259.2000000;252.1700000;252.2000000
251.8000000;254.9600000;251.1000000;253.9900000
255.3300000;257.3800000;252.9000000;255.4000000
255.8900000;257.6600000;253.1400000;255.2000000
256.6600000;258.0000000;251.8600000;252.1100000
253.1300000;254.3000000;248.7300000;254.3000000
254.5500000;255.7300000;252.0700000;252.2600000
253.7800000;259.7700000;253.0000000;254.5000000
255.4000000;255.4900000;252.3100000;254.5000000
253.6200000;255.1800000;252.5000000;253.8900000
254.3800000;254.3800000;251.4000000;251.7500000
252.5000000;253.1000000;250.1300000;251.3600000
250.0800000;250.4400000;247.5700000;249.2000000
250.3700000;250.6800000;247.9500000;249.7000000
250.0700000;252.1700000;249.1300000;250.1500000
248.4200000;251.4900000;247.2400000;250.8000000
